ts,tour,tournament,surface,commence_time,player_a,player_b,pick,p_model,kalshi_prob,odds,edge_pct,kelly_pct,stake,volume,event_ticker
2026-10-01T23:46:54.962333+00:00,WTA,WTA Beijing Round Of 64,Hard,2026-10-02T06:00:00Z,Kamilla Rakhimova,Leylah Fernandez,Kamilla Rakhimova,0.45,0.263,3.8,71.0,25.4,13.25,3591.83,KXWTAMATCH-26OCT01RAKFER
2026-10-01T23:46:54.962333+00:00,ATP,ATP Tokyo Round Of 16,Hard,2026-10-02T05:00:00Z,Valentin Vacherot,Stefanos Tsitsipas,Valentin Vacherot,0.676,0.407,2.46,66.2,45.4,23.71,86467.78,KXATPMATCH-26OCT01VACTSI
2026-10-01T23:46:54.962333+00:00,WTA,WTA Beijing Round Of 64,Hard,2026-10-02T06:00:00Z,Katie Volynets,Elise Mertens,Elise Mertens,0.781,0.557,1.79,40.2,50.6,26.45,3075.43,KXWTAMATCH-26OCT01VOLMER
2026-10-01T23:46:54.962333+00:00,WTA,WTA Beijing Round Of 64,Hard,2026-10-02T06:00:00Z,Qinwen Zheng,Anna Kalinskaya,Anna Kalinskaya,0.57,0.407,2.46,40.0,27.4,14.34,10969.98,KXWTAMATCH-26OCT01ZHEKAL
2026-10-01T23:46:54.962333+00:00,ATP,ATP Tokyo Round Of 16,Hard,2026-10-02T05:00:00Z,Frances Tiafoe,Arthur Fils,Frances Tiafoe,0.42,0.315,3.18,33.5,15.4,8.03,72218.98,KXATPMATCH-26OCT01FILTIA
2026-10-01T23:46:54.962333+00:00,WTA,WTA Beijing Round Of 64,Hard,2026-10-02T06:00:00Z,Janice Tjen,Diana Shnaider,Janice Tjen,0.361,0.284,3.52,27.2,10.8,5.63,7471.41,KXWTAMATCH-26OCT01TJESHN
2026-10-01T23:46:54.962333+00:00,WTA,WTA Beijing Round Of 64,Hard,2026-10-02T06:00:00Z,Jelena Ostapenko,Paula Badosa,Jelena Ostapenko,0.49,0.386,2.59,27.0,17.0,8.87,4892.55,KXWTAMATCH-26OCT01OSTBAD
2026-10-01T23:46:54.962333+00:00,ATP,ATP Tokyo Round Of 16,Hard,2026-10-02T05:00:00Z,Jiri Lehecka,Ugo Humbert,Ugo Humbert,0.473,0.386,2.59,22.5,14.1,7.38,4114.95,KXATPMATCH-26OCT01HUMLEH
2026-10-01T23:46:54.962333+00:00,ATP,ATP Beijing Round Of 16,Hard,2026-10-02T06:00:00Z,Yunchaokete Bu,Novak Djokovic,Novak Djokovic,0.922,0.782,1.28,17.8,64.1,33.51,75226.55,KXATPMATCH-26OCT01YUNDJO
2026-10-01T23:46:54.962333+00:00,WTA,WTA Beijing Round Of 64,Hard,2026-10-02T06:00:00Z,Daria Snigur,Jasmine Paolini,Jasmine Paolini,0.65,0.567,1.76,14.6,19.1,9.99,8822.08,KXWTAMATCH-26OCT01PAOSNI
2026-10-01T23:46:54.962333+00:00,WTA,WTA Beijing Round Of 64,Hard,2026-10-02T06:00:00Z,Maria Timofeeva,Naomi Osaka,Naomi Osaka,0.881,0.792,1.26,11.3,42.9,22.39,4570.16,KXWTAMATCH-26OCT01TIMOSA
2026-10-01T23:46:54.962333+00:00,WTA,WTA Beijing Round Of 64,Hard,2026-10-02T06:00:00Z,Clara Tauson,Polina Kudermetova,Clara Tauson,0.716,0.646,1.55,10.7,19.5,10.21,3513.39,KXWTAMATCH-26OCT01TAUKUD
2026-10-01T23:46:54.962333+00:00,WTA,WTA Beijing Round Of 64,Hard,2026-10-02T06:00:00Z,Maria Sakkari,Storm Hunter,Storm Hunter,0.343,0.315,3.18,9.2,4.2,2.2,4786.78,KXWTAMATCH-26OCT01SAKHUN
2026-10-01T23:46:54.962333+00:00,WTA,WTA Beijing Round Of 64,Hard,2026-10-02T06:00:00Z,Marie Bouzkova,Kimberly Birrell,Kimberly Birrell,0.387,0.356,2.81,8.6,4.8,2.49,2561.89,KXWTAMATCH-26OCT01BOUBIR
2026-10-01T23:46:54.962333+00:00,ATP,ATP Beijing Round Of 16,Hard,2026-10-02T06:00:00Z,Quentin Halys,Alex de Minaur,Alex de Minaur,0.804,0.754,1.33,6.7,20.5,10.69,18147.9,KXATPMATCH-26OCT01DEHAL
2026-10-01T23:46:54.962333+00:00,WTA,WTA Beijing Round Of 64,Hard,2026-10-02T06:00:00Z,Peyton Stearns,Viktorija Golubic,Viktorija Golubic,0.466,0.437,2.29,6.7,5.2,2.73,16726.04,KXWTAMATCH-26OCT01GOLSTE
2026-10-01T23:46:54.962333+00:00,ATP,ATP Beijing Round Of 16,Hard,2026-10-02T14:00:00Z,Hubert Hurkacz,Arthur Gea,Hubert Hurkacz,0.632,0.597,1.68,5.9,8.7,4.54,36465.55,KXATPMATCH-26OCT02HURGEA
